Contact Name,Company,Deal Stage,Pipeline,Contact Owner,Last Activity Date,Phone,Contact Email
Roelof Botha,Sequoia Capital,Qualified Lead,Fundraising,Eric,2026-03-10,,roelof@seq.com
Doug Leone,Sequoia Capital,Discovery,Fundraising,Eric,2026-02-28,,doug@seq.com
Shruti Gandhi,Array Ventures,Meeting Booked,Fundraising,Eric,2026-03-14,,shruti@array.vc
Elias Torres,Array Ventures,Discovery,Fundraising,Eric,2026-03-01,,elias@array.vc
Gil Ben-Artzy,UpWest,Qualified Lead,Fundraising,Eric,2026-02-20,,gil@upwest.vc
Shuly Galili,UpWest,Discovery,Fundraising,Eric,2026-02-20,,shuly@upwest.vc
Lia Cromwell,UpWest,Discovery,Fundraising,Eric,2026-02-20,,lia@upwest.vc
Peter Thiel,Founders Fund,Researching,Fundraising,Eric,2026-01-15,,
Mary Meeker,Bond Capital,Researching,Fundraising,Eric,2026-01-20,,
Bill Gurley,Benchmark,Discovery,Fundraising,Eric,2026-02-05,,
Chris Sacca,Lowercase Capital,Researching,Fundraising,Eric,2026-01-08,,
Hayley Barna,First Round Capital,Meeting Booked,Fundraising,Eric,2026-03-12,,hayley@firstround.com
Howard Morgan,First Round Capital,Qualified Lead,Fundraising,Eric,2026-03-05,,howard@firstround.com
Chris Fralic,First Round Capital,Discovery,Fundraising,Eric,2026-02-28,,chris@firstround.com
Rob Hayes,First Round Capital,Discovery,Fundraising,Eric,2026-02-25,,rob@firstround.com
Pejman Nozad,Pear VC,Meeting Booked,Fundraising,Eric,2026-03-15,,pejman@pear.vc
Mar Hershenson,Pear VC,Qualified Lead,Fundraising,Eric,2026-03-10,,mar@pear.vc
Ajay Kamat,Pear VC,Discovery,Fundraising,Eric,2026-03-08,,ajay@pear.vc
Jeff Bezos,Bezos Expeditions,Cold Outreach,Fundraising,Eric,2026-01-05,,
Masayoshi Son,SoftBank,Researching,Fundraising,Eric,2026-01-10,,
